InputSize,MergeSort,ModifiedMergeSort
1000,0.000000,0.001000
3000,0.002000,0.003000
5000,0.005000,0.002000
7000,0.006000,0.005000
9000,0.004000,0.003000
11000,0.006000,0.003000
13000,0.004000,0.007000
15000,0.005000,0.006000
17000,0.004000,0.004000
19000,0.005000,0.006000
21000,0.009000,0.008000
23000,0.007000,0.005000
25000,0.007000,0.006000
27000,0.008000,0.007000
29000,0.008000,0.009000
31000,0.014000,0.009000
33000,0.010000,0.015000
35000,0.014000,0.011000
37000,0.017000,0.012000
39000,0.010000,0.011000
41000,0.011000,0.011000
43000,0.010000,0.009000
45000,0.011000,0.009000
47000,0.013000,0.012000
49000,0.016000,0.012000
